"label";"var1";"var2"
"1";"0.90022";"0.466567"
"2";"0.630894";"0.610625"
"3";"0.247623";"0.163339"
