label;var1;var2
1;0.900219778;0.466567026
2;0.630893791;0.610624585
3;0.247622508;0.163339033
